{"cases": [{"input": {"kind": "A", "frequencies": [31.5, 63.0, 125.0, 250.0, 500.0, 1000.0, 2000.0, 4000.0, 8000.0, 16000.0]}, "expected": [-39.52465057373047, -26.219457626342773, -16.187572479248047, -8.67382526397705, -3.2473316192626953, 0.0003444647591095418, 1.2017467021942139, 0.963645339012146, -1.1467819213867188, -6.705921649932861]}, {"input": {"kind": "B", "frequencies": [31.5, 63.0, 125.0, 250.0, 500.0, 1000.0, 2000.0, 4000.0, 8000.0, 16000.0]}, "expected": [-17.124431610107422, -9.362771034240723, -4.2260661125183105, -1.3595961332321167, -0.27512434124946594, 0.00035588574246503413, -0.08867154270410538, -0.7247018218040466, -2.940911054611206, -8.526925086975098]}, {"input": {"kind": "C", "frequencies": [31.5, 63.0, 125.0, 250.0, 500.0, 1000.0, 2000.0, 4000.0, 8000.0, 16000.0]}, "expected": [-3.030388593673706, -0.820464015007019, -0.17164413630962372, -0.0004201101546641439, 0.03267927095293999, 9.81418852461502e-05, -0.16948436200618744, -0.8258890509605408, -3.0472068786621094, -8.634498596191406]}, {"input": {"kind": "D", "frequencies": [31.5, 63.0, 125.0, 250.0, 500.0, 1000.0, 2000.0, 4000.0, 8000.0, 16000.0]}, "expected": [-16.718650817871094, -10.875396728515625, -5.568487644195557, -1.5913721323013306, -0.279752254486084, -0.00031116214813664556, 7.949951648712158, 11.104202270507812, 5.463273048400879, -0.7657526135444641]}]}