{"meta": {"librosa": "0.11.0", "fn": "librosa.f0_harmonics (scalar/array f0, inf-head grid)", "params": {}}, "cases": [{"input": {"name": "fft_perframe", "x": [0.6939330806573643, 0.6414582208782306, 0.12864422431763622, 0.11370805013132934, 0.6533455213345873, 0.8534571059651607, 0.2017791344404063, 0.218018637085736, 0.7165846359235828, 0.4706996706692751, 0.41522193064071145, 0.3491478047176195, 0.06385375314369202, 0.4546661659115582, 0.3014532795996775, 0.38907675329060176, 0.5402978193333678, 0.6835896920722179, 0.6247523771782293, 0.7427044538885719, 0.018217355778746724, 0.6542571497321239, 0.5420625487554652, 0.8513410130861883, 0.9390292458960185, 0.012823118470840722, 0.8283282979898389, 0.25332389068272043, 0.6247079896679355, 0.7644183601849235, 0.8469962240204456, 0.9406029168940363, 0.634705447368496, 0.8592085379860807, 0.49769873587525637, 0.23336084959211112], "x_shape": [9, 4], "freqs": [0.0, 100.0, 200.0, 300.0, 400.0, 500.0, 600.0, 700.0, 800.0], "f0": [200.0, 210.0, 190.0, 205.0], "harmonics": [1, 2, 3]}, "expected_shape": [3, 4], "expected": [0.7165846228599548, 0.4690963327884674, 0.39387765526771545, 0.3511442542076111, 0.54029780626297, 0.6777231693267822, 0.560092568397522, 0.7535681128501892, 0.9390292167663574, 0.23830169439315796, 0.7424485683441162, 0.3564157485961914]}, {"input": {"name": "fft_scalar", "x": [0.6939330806573643, 0.6414582208782306, 0.12864422431763622, 0.11370805013132934, 0.6533455213345873, 0.8534571059651607, 0.2017791344404063, 0.218018637085736, 0.7165846359235828, 0.4706996706692751, 0.41522193064071145, 0.3491478047176195, 0.06385375314369202, 0.4546661659115582, 0.3014532795996775, 0.38907675329060176, 0.5402978193333678, 0.6835896920722179, 0.6247523771782293, 0.7427044538885719, 0.018217355778746724, 0.6542571497321239, 0.5420625487554652, 0.8513410130861883, 0.9390292458960185, 0.012823118470840722, 0.8283282979898389, 0.25332389068272043, 0.6247079896679355, 0.7644183601849235, 0.8469962240204456, 0.9406029168940363, 0.634705447368496, 0.8592085379860807, 0.49769873587525637, 0.23336084959211112], "x_shape": [9, 4], "freqs": [0.0, 100.0, 200.0, 300.0, 400.0, 500.0, 600.0, 700.0, 800.0], "f0": 200.0, "harmonics": [1, 2]}, "expected_shape": [2, 4], "expected": [0.7165846228599548, 0.470699667930603, 0.4152219295501709, 0.3491477966308594, 0.54029780626297, 0.6835896968841553, 0.624752402305603, 0.742704451084137]}, {"input": {"name": "tempo_infhead", "x": [0.0, 1.0, 2.0, 3.0, 4.0, 5.0, 6.0, 7.0, 8.0, 9.0, 10.0, 11.0, 12.0, 13.0, 14.0, 15.0, 16.0, 17.0, 18.0, 19.0, 20.0, 21.0, 22.0, 23.0], "x_shape": [8, 3], "freqs": [null, 2583.984375, 1291.9921875, 861.328125, 645.99609375, 516.796875, 430.6640625, 369.140625], "f0": 500.0, "harmonics": [1, 2]}, "expected_shape": [2, 3], "expected": [15.585034370422363, 16.585033416748047, 17.585033416748047, 8.034013748168945, 9.034013748168945, 10.034013748168945]}]}